Actor', 'Followers', 'Is_In_IMDB', 'Trend'
Sam Worthington,,0,
Zoe Saldana,11438061,0,
Sigourney Weaver,20834,0,
Stephen Lang,107029,0,
Michelle Rodriguez,9108491,0,
Giovanni Ribisi,4026,0,
Joel David Moore,81736,0,
CCH Pounder,38123,0,
Wes Studi,,0,
Laz Alonso,913198,0,
Dileep Rao,1522,0,
Matt Gerald,21914,0,
Sean Anthony Moran,2408,0,
Jason Whyte,,0,
Scott Lawrence,665,0,
Kelly Kilgour,,0,
James Patrick Pitt,50934,0,
Sean Patrick Murphy,1377,0,
Peter Dillon,508,0,
Kevin Dorman,3774,0,
Kelson Henderson,10275,0,
David Van Horn,166,0,
Jacob Tomuri,37339,0,
Michael Blain-Rozgay,430,0,
Jon Curry,984,0,
Luke Hawker,399186,0,
Woody Schultz,1444,0,
Peter Mensah,30723,0,
Sonia Yee,135,0,
Jahnel Curfman,14299,0,
Ilram Choi,30,0,
Kyla Warren,1339,0,
Lisa Roumain,4568,0,
Debra Wilson,2675,0,
Chris Mala,101,0,
Taylor Kibby,20589,0,
Jodie Landau,2159,0,
Julie Lamm,69,0,
Cullen B. Madden,482,0,
Joseph Brady Madden,14565765,0,
Frankie Torres,1622,0,
Austin Wilson,102881,0,
Sara Wilson,6232,0,
Tamica Washington-Miller,1051,0,
Lucy Briant,419,0,
Nathan Meister,1566,0,
Gerry Blair,16,0,
Matthew Chamberlain,4172,0,
Paul Yates,268,0,
Wray Wilson,8378,0,
James Gaylyn,233,0,
Melvin Leno Clark III,,0,
Carvon Futrell,431,0,
Brandon Jelkes,2631,0,
Micah Moch,1243,0,
Hanniyah Muhammad,99,0,
Christopher Nolen,220870,0,
Christa Oliver,1372,0,
April Marie Thomas,130,0,
Bravita A. Threatt,576,0,
Colin Bleasdale,34012,0,
Mike Bodnar,273,0,
Matt Clayton,1038,0,
Nicole Dionne,1879,0,
Jamie Harrison,63703,0,
Allan Henry,3505,0,
Anthony Ingruber,8856,0,
Ashley Jeffery,1688,0,
Dean Knowsley,,0,
Joseph Mika-Hunt,,0,
Terry Notary,12466,0,
Kai Pantano,1667,0,
Logan Pithyou,718894,0,
Stuart Pollock,840,0,
Raja,3094676,0,
Gareth Ruck,238,0,
Rhian Sheehan,2084,0,
T. J. Storm,204,0,
Jodie Taylor,77903,0,
Alicia Vela-Bailey,35405,0,
Richard Whiteside,805,0,
Nikie Zambo,24,0,
Julene Renee,182,0,
Johnny Depp,28756476,0,
Orlando Bloom,7182511,0,
Keira Knightley,245150,0,
Stellan Skarsgård,11051,0,
Chow Yun-fat,4731,0,
Bill Nighy,380,0,
Geoffrey Rush,6583,0,
Jack Davenport,3569,0,
Kevin McNally,48715,0,
Tom Hollander,86,0,
Naomie Harris,253908,0,
Jonathan Pryce,480,0,
Keith Richards,1529469,0,
Lee Arenberg,14387,0,
Mackenzie Crook,24,0,
Greg Ellis,15922,0,
David Bailie,588,0,
Martin Klebba,26315,0,
David Schofield,431,0,
Lauren Maher,1760,0,
Vanessa Branch,2252,0,
Angus Barnett,20,0,
Giles New,99847,0,
Reggie Lee,131700,0,
Dominic Scott Kay,52012,0,
Takayo Fischer,,0,
David Meunier,1047,0,
Ho-Kwan Tse,292,0,
Andy Beckwith,278,0,
Peter Donald Badalamenti II,788,0,
Christopher S. Capp,769,0,
Keith Richards,1529483,0,
Hakeem Kae-Kazim,20612,0,
Ghassan Massoud,3820,0,
